{
  "accuracy": 0.47806801379990144,
  "f1": 0.23648161499639508,
  "precision": 0.5559322033898305,
  "recall": 0.15018315018315018,
  "trained_at": "2026-01-07T07:27:51.944210",
  "samples": 13522,
  "version": "3.0"
}