{
  "accuracy": 0.5353535353535354,
  "f1": 0.6973684210526315,
  "precision": 0.5353535353535354,
  "recall": 1.0,
  "trained_at": "2026-01-07T07:27:46.049591",
  "samples": 1976,
  "version": "3.0"
}