{
  "accuracy": 0.46623952686052245,
  "f1": 0.11591836734693878,
  "precision": 0.5338345864661654,
  "recall": 0.06501831501831502,
  "trained_at": "2026-01-07T07:27:48.940889",
  "samples": 13522,
  "version": "3.0"
}