{
  "accuracy": 0.5502702702702703,
  "f1": 0.7099023709902371,
  "precision": 0.5502702702702703,
  "recall": 1.0,
  "trained_at": "2026-01-07T07:27:54.227790",
  "samples": 6162,
  "version": "3.0"
}