{
  "accuracy": 0.5184590690208668,
  "f1": 0.6801705756929638,
  "precision": 0.5170178282009724,
  "recall": 0.9937694704049844,
  "trained_at": "2026-01-07T07:27:44.089812",
  "samples": 4151,
  "version": "3.0"
}